K,Method,Accuracy,Accuracy_CI_low,Accuracy_CI_high,ECE,ECE_CI_low,ECE_CI_high,Instability,Instability_CI_low,Instability_CI_high,Kendall,Top3_Churn,p50_latency_ms,p95_latency_ms,adjusted_p,effect_size,pareto_status
5,B0_Native,0.925,0.875,0.9667,0.1467,0.1725,0.2483,0.0,0.0,0.0,0.0,0.0,45.34,59.84,1.0000,+0.0000,PARETO_OPTIMAL
5,B0_Random,0.925,0.875,0.9667,0.1598,0.1712,0.2548,0.057,0.0313,0.0841,0.0896,0.176,45.34,59.84,1.0000,+0.0000,"Dominated by: B0_Native,B1_ReverseAlpha"
5,B1_Alpha,0.9083,0.8583,0.9583,0.1312,0.1631,0.2412,0.0333,0.0083,0.0667,0.1192,0.2408,45.34,59.84,1.0000,-0.0167,"Dominated by: B0_Native,B1_ReverseAlpha"
5,B1_ReverseAlpha,0.9333,0.8915,0.975,0.1333,0.1635,0.2451,0.0333,0.0083,0.0667,0.1192,0.2408,45.34,59.84,1.0000,+0.0083,PARETO_OPTIMAL
5,Rand_Marg_M2,0.925,0.875,0.9667,0.1341,0.1668,0.2473,0.0333,0.0083,0.0667,0.0675,0.1042,90.68,119.68,1.0000,+0.0000,"Dominated by: B0_Native,B1_ReverseAlpha"
5,Rand_Marg_M3,0.925,0.875,0.9667,0.1426,0.1703,0.2472,0.0167,0.0,0.0417,0.0683,0.1108,136.02,179.51,1.0000,+0.0000,Dominated by: B0_Native
5,Rand_Marg_M5,0.925,0.875,0.9667,0.1444,0.1707,0.2493,0.0167,0.0,0.0417,0.0625,0.1317,226.7,299.19,1.0000,+0.0000,"Dominated by: B0_Native,Rand_Marg_M3"
5,B2_Cyclic_M2,0.9083,0.8583,0.9583,0.1295,0.1691,0.2437,0.0417,0.0167,0.075,0.0492,0.1133,90.68,119.68,1.0000,-0.0167,"Dominated by: B0_Native,B1_Alpha,B1_ReverseAlpha,Rand_Marg_M2"
5,B2_Cyclic_M3,0.9083,0.85,0.9583,0.1225,0.1647,0.2396,0.0333,0.0083,0.0667,0.0242,0.0592,136.02,179.51,1.0000,-0.0167,"Dominated by: B0_Native,B1_Alpha,B1_ReverseAlpha,Rand_Marg_M2,Rand_Marg_M3"
5,B2_Cyclic_M5,0.9083,0.85,0.9583,0.1244,0.1669,0.2435,0.0,0.0,0.0,0.0,0.0,226.7,299.19,1.0000,-0.0167,Dominated by: B0_Native
10,B0_Native,0.875,0.8167,0.9333,0.1037,0.1368,0.2326,0.0,0.0,0.0,0.0,0.0,60.94,74.05,1.0000,+0.0000,PARETO_OPTIMAL
10,B0_Random,0.8333,0.7667,0.9,0.1029,0.1292,0.2247,0.0643,0.0381,0.0922,0.0769,0.2601,60.94,74.05,0.7351,-0.0417,"Dominated by: B0_Native,B1_Alpha,B1_ReverseAlpha"
10,B1_Alpha,0.8667,0.8083,0.925,0.1133,0.1265,0.2211,0.05,0.0167,0.0917,0.1009,0.2942,60.94,74.05,1.0000,-0.0083,"Dominated by: B0_Native,B1_ReverseAlpha"
10,B1_ReverseAlpha,0.8917,0.8415,0.95,0.0977,0.1138,0.2139,0.05,0.0167,0.0917,0.1009,0.2942,60.94,74.05,1.0000,+0.0167,PARETO_OPTIMAL
10,Rand_Marg_M2,0.875,0.8167,0.9333,0.0886,0.1209,0.2092,0.025,0.0,0.0583,0.0739,0.2458,121.87,148.1,1.0000,+0.0000,Dominated by: B0_Native
10,Rand_Marg_M3,0.875,0.8167,0.9333,0.0868,0.1247,0.2141,0.025,0.0,0.05,0.0715,0.2283,182.81,222.15,1.0000,+0.0000,"Dominated by: B0_Native,Rand_Marg_M2,B2_Cyclic_M3"
10,Rand_Marg_M5,0.8833,0.825,0.9333,0.105,0.1274,0.2173,0.0333,0.0083,0.0667,0.0689,0.1958,304.68,370.25,1.0000,+0.0083,Dominated by: B2_Cyclic_M2
10,B2_Cyclic_M2,0.8833,0.825,0.9333,0.1191,0.1322,0.2267,0.0333,0.0083,0.0667,0.0567,0.1975,121.87,148.1,1.0000,+0.0083,PARETO_OPTIMAL
10,B2_Cyclic_M3,0.875,0.8167,0.9333,0.1216,0.1288,0.2271,0.0083,0.0,0.025,0.0476,0.1783,182.81,222.15,1.0000,+0.0000,Dominated by: B0_Native
10,B2_Cyclic_M5,0.875,0.8167,0.9333,0.1124,0.1241,0.2188,0.0083,0.0,0.025,0.0361,0.13,304.68,370.25,1.0000,+0.0000,"Dominated by: B0_Native,B2_Cyclic_M3"
20,B0_Native,0.7667,0.6917,0.8417,0.1908,0.1745,0.301,0.0,0.0,0.0,0.0,0.0,97.36,148.24,1.0000,+0.0000,PARETO_OPTIMAL
20,B0_Random,0.8167,0.75,0.8833,0.1532,0.1168,0.2312,0.1202,0.0822,0.1596,0.0305,0.2371,97.36,148.24,0.4922,+0.0500,PARETO_OPTIMAL
20,B1_Alpha,0.7917,0.725,0.8583,0.1623,0.148,0.2736,0.1167,0.0667,0.175,0.0359,0.2542,97.36,148.24,1.0000,+0.0250,Dominated by: B1_ReverseAlpha
20,B1_ReverseAlpha,0.8,0.725,0.8669,0.1539,0.1317,0.2514,0.1167,0.0667,0.175,0.0359,0.2542,97.36,148.24,1.0000,+0.0333,PARETO_OPTIMAL
20,Rand_Marg_M2,0.8,0.725,0.875,0.1336,0.121,0.2272,0.0833,0.0333,0.1333,0.0329,0.2167,194.73,296.48,1.0000,+0.0333,PARETO_OPTIMAL
20,Rand_Marg_M3,0.8083,0.7417,0.875,0.1007,0.1174,0.2242,0.0583,0.0167,0.1002,0.0369,0.2408,292.09,444.73,0.8496,+0.0417,PARETO_OPTIMAL
20,Rand_Marg_M5,0.8167,0.75,0.8833,0.1132,0.1276,0.2346,0.0417,0.0083,0.0833,0.0382,0.2392,486.82,741.21,0.4922,+0.0500,PARETO_OPTIMAL
20,B2_Cyclic_M2,0.7917,0.725,0.8583,0.127,0.1554,0.2678,0.0833,0.0333,0.1333,0.0336,0.2308,194.73,296.48,1.0000,+0.0250,Dominated by: Rand_Marg_M2
20,B2_Cyclic_M3,0.7917,0.725,0.8667,0.1211,0.1404,0.2459,0.0667,0.025,0.1167,0.0254,0.2075,292.09,444.73,1.0000,+0.0250,Dominated by: Rand_Marg_M3
20,B2_Cyclic_M5,0.7917,0.725,0.8667,0.107,0.1385,0.2428,0.0333,0.0083,0.0667,0.0224,0.16,486.82,741.21,1.0000,+0.0250,PARETO_OPTIMAL
40,B0_Native,0.6167,0.525,0.7083,0.265,0.2602,0.4074,0.0,0.0,0.0,0.0,0.0,146.08,181.16,1.0000,+0.0000,PARETO_OPTIMAL
40,B0_Random,0.65,0.5583,0.7333,0.2673,0.2586,0.404,0.2209,0.18,0.2676,0.0494,0.3782,146.08,181.16,1.0000,+0.0333,"Dominated by: B1_Alpha,B1_ReverseAlpha"
40,B1_Alpha,0.6917,0.6083,0.7669,0.2122,0.2149,0.3481,0.1667,0.1,0.2333,0.0415,0.3467,146.08,181.16,0.4922,+0.0750,Dominated by: B1_ReverseAlpha
40,B1_ReverseAlpha,0.725,0.6415,0.8083,0.2319,0.2072,0.352,0.1667,0.1,0.2333,0.0415,0.3467,146.08,181.16,0.0996,+0.1083,PARETO_OPTIMAL
40,Rand_Marg_M2,0.7,0.6167,0.7833,0.1746,0.2483,0.3771,0.1833,0.1167,0.25,0.0628,0.3817,292.15,362.33,0.2661,+0.0833,Dominated by: B1_ReverseAlpha
40,Rand_Marg_M3,0.7,0.6167,0.775,0.1741,0.2553,0.3784,0.1417,0.0833,0.2083,0.0717,0.4092,438.23,543.49,0.2344,+0.0833,PARETO_OPTIMAL
40,Rand_Marg_M5,0.7,0.6167,0.775,0.1835,0.2523,0.3666,0.1167,0.0583,0.175,0.0792,0.4025,730.38,905.82,0.2344,+0.0833,Dominated by: B2_Cyclic_M5
40,B2_Cyclic_M2,0.6667,0.5833,0.75,0.2105,0.2632,0.3906,0.125,0.075,0.1833,0.0367,0.3017,292.15,362.33,0.2344,+0.0500,PARETO_OPTIMAL
40,B2_Cyclic_M3,0.6917,0.6083,0.775,0.164,0.2264,0.3525,0.1,0.05,0.1583,0.0344,0.2492,438.23,543.49,0.1758,+0.0750,PARETO_OPTIMAL
40,B2_Cyclic_M5,0.7083,0.625,0.7917,0.1723,0.2283,0.3488,0.05,0.0167,0.0917,0.0281,0.2125,730.38,905.82,0.0440,+0.0917,PARETO_OPTIMAL
77,B0_Native,0.4222,0.3416,0.4972,0.37,0.3507,0.4756,0.0,0.0,0.0,0.0,0.0,224.68,303.75,1.0000,+0.0000,PARETO_OPTIMAL
77,B0_Random,0.4361,0.3583,0.5083,0.3857,0.345,0.4674,0.4728,0.4277,0.519,0.0755,0.5637,224.68,303.75,1.0000,+0.0139,PARETO_OPTIMAL
77,B1_Alpha,0.4917,0.4,0.5833,0.3341,0.349,0.4907,0.5583,0.4748,0.65,0.0578,0.6114,224.68,303.75,1.0000,+0.0694,PARETO_OPTIMAL
77,B1_ReverseAlpha,0.45,0.3583,0.5417,0.3701,0.3627,0.5087,0.5583,0.4748,0.65,0.0578,0.6114,224.68,303.75,1.0000,+0.0278,Dominated by: B1_Alpha
77,Rand_Marg_M2,0.4778,0.3999,0.5528,0.2015,0.3009,0.3984,0.3806,0.3167,0.4472,0.1125,0.5258,449.37,607.5,1.0000,+0.0556,Dominated by: B2_Cyclic_M2
77,Rand_Marg_M3,0.5083,0.4306,0.5833,0.2037,0.2579,0.346,0.3472,0.2917,0.4111,0.1271,0.4969,674.05,911.25,1.0000,+0.0861,PARETO_OPTIMAL
77,Rand_Marg_M5,0.55,0.4694,0.625,0.096,0.2683,0.3522,0.2583,0.2028,0.3195,0.1504,0.4633,1123.41,1518.75,1.0000,+0.1278,PARETO_OPTIMAL
77,B2_Cyclic_M2,0.4806,0.3972,0.5556,0.2182,0.2773,0.369,0.2944,0.2444,0.3472,0.0619,0.4272,449.37,607.5,1.0000,+0.0583,PARETO_OPTIMAL
77,B2_Cyclic_M3,0.4972,0.4167,0.5722,0.1471,0.2454,0.3373,0.2306,0.1833,0.2834,0.0588,0.375,674.05,911.25,1.0000,+0.0750,PARETO_OPTIMAL
77,B2_Cyclic_M5,0.4972,0.4167,0.5722,0.1619,0.2635,0.3513,0.1611,0.1194,0.2056,0.0522,0.305,1123.41,1518.75,1.0000,+0.0750,PARETO_OPTIMAL
