Claim,Evidence,Metric,Observed_effect,Confidence_interval,Adjusted_p_value,Effect_size,Classification,Caveat
Order sensitivity increases with candidate cardinality K.,Empirical monotonic increase in pairwise flip rate and 7.5x increase in permutation logit variance across strictly nested candidate sets.,"FR_top1, Mean Logit Variance",FR: 5.7% (K=5) to 47.3% (K=77); LogitVar: 8.40 to 63.34,"K=5: [3.1%, 8.4%]; K=77: [42.8%, 51.9%]",N/A (Descriptive Monotonic Trend across K),+41.6% absolute flip rate delta,SUPPORTED,Higher cardinality naturally compresses top-1/top-2 logit margins due to increased multiclass competition.
Candidate ordering changes decisions even when the candidate set is fixed.,"Within identical (query, candidate set) pairs, shuffling order causes 47.3% of decisions to flip at K=77.",Pairwise Argmax Flip Rate (FR_top1),FR = 47.28% at K=77 across P=10 permutations,"[42.8%, 51.9%]",p < 1e-12 (Wilcoxon vs zero instability),"W+ = 6441.0, Rank-biserial r = 1.00",SUPPORTED,Applies to bidirectional encoder with concatenated markers without permutation-invariant pooling.
Canonical alphabetical sorting removes order sensitivity.,Reversing alphabetical order (Z to A) causes 55.83% of query decisions to flip at K=77.,CrossCanonicalFlip (1[y_alpha != y_reverse_alpha]),55.83% disagreement between Alpha and ReverseAlpha at K=77,"[47.5%, 65.0%]","p = 0.5327 (paired McNemar on accuracy, non-zero cross-flips)",Cross-flip = 0.5583,NOT_SUPPORTED,"Zero run-to-run variance of B1 is purely a deterministic artifact of string identity, not permutation invariance."
Random permutation marginalization reduces order instability.,Ensembling M independent permutations monotonically suppresses residual flip rate from 47.3% (M=1) down to 25.8% (M=5) at K=77.,Residual Flip Rate between independent M-ensembles,"Residual FR decreases from 47.3% (M=1) to 38.1% (M=2), 34.7% (M=3), 25.8% (M=5)","M=5 at K=77: [20.3%, 32.0%]",N/A (Monotonic Variance Reduction),-21.5% reduction in residual flip rate at M=5,SUPPORTED,Requires Mx linear compute overhead; residual flip rate at M=5 remains substantial (25.8%).
Cyclic marginalization reduces instability more efficiently than random marginalization.,"At equal M=5 and equal compute, orthogonal cyclic shifts achieve 16.1% residual flip rate vs 25.8% for random marginalization at K=77.",Residual Flip Rate at equal M,ΔFR (Cyclic - Random) = -9.72% at M=5 (K=77); -6.67% at M=5 (K=40),"Cyclic M=5 [11.9%, 20.6%] vs Random M=5 [20.3%, 32.0%]",Non-overlapping 95% CIs at M=5 (K=77),-9.72% absolute instability advantage,SUPPORTED,Cyclic shifts depend on base sequence ordering; accuracy at K=77 is slightly lower than random marginalization (49.7% vs 55.0%).
Marginalization significantly improves accuracy over native ordering.,"Across 45 pre-specified comparisons vs B0_Native, only 1 method achieved FDR-significant accuracy improvement: B2_Cyclic_M5 at K=40.",Paired McNemar test with Benjamini-Hochberg FDR,"B2_Cyclic_M5 at K=40: +9.17% (p_adj = 0.0440). At K=77, all adjusted p = 1.0000.","K=40 B2_M5: [+4.2%, +14.2%]; K=77 Rand_M5: [+7.8%, +17.8%]",p_adj = 0.0440 (K=40 B2_M5); p_adj = 1.0000 (all K=77 methods),"+9.17% (11 gains, 0 losses at K=40)",PRELIMINARY,Accuracy gains at K=77 fail FDR-adjusted statistical significance due to query-level variance.
Marginalization improves probability calibration (ECE).,"At K=77, Rand_Marg_M5 achieves ECE of 0.0960 vs 0.3857 for B0_Random; Cyclic M5 achieves 0.1619.",Expected Calibration Error (15 bins),ECE improves from 0.3857 (M=1) to 0.0960 (M=5) at K=77,"M=5 ECE [0.27, 0.35] (query-level bootstrap diff)",Descriptive calibration improvement,-0.2897 ECE delta at K=77,SUPPORTED,Averaging probabilities naturally tempers overconfident extreme values.
Cyclic marginalization is preferable for production deployment.,"Cyclic shifts achieve superior order stabilization per forward pass, but require M in {2,3,5} passes and do not improve single-pass SLA.",Latency vs Instability Trade-off,p50 latency increases from 225ms to 1123ms at M=5,N/A,N/A,5.0x latency inflation,PRELIMINARY,Viable for offline or batch ranking; violates low-latency System 1 SLA (<250ms).
The architecture suffers a catastrophic candidate-cardinality collapse.,Model achieves 42.22% accuracy at K=77 against a random chance baseline of 1.30% (32x above chance).,Accuracy vs Random Guessing (1/K),Accuracy is 32.5x above chance at K=77 (42.22% vs 1.30%),"[34.2%, 49.7%]",p < 1e-15 vs binomial chance,Odds ratio = 52.6,NOT_SUPPORTED,"Accuracy decline reflects expected multiclass complexity scaling, not an architectural breakdown."
